{"learning_rate":0.001,"_timestamp":1.7308270148520825e+09,"_runtime":298.282819,"_step":2909,"average_loss":0.03455020472756587,"_wandb":{"runtime":298},"loss":0.05154029652476311}