{"_step":484,"loss":7.657580852508545,"average_loss":6.404698256247987,"_wandb":{"runtime":40},"learning_rate":0.001,"_timestamp":1.7308316912959764e+09,"_runtime":40.7400368}