{"_timestamp":1.7308405188381903e+09,"_runtime":110.3833893,"_step":969,"average_loss":4.061923165719084,"_wandb":{"runtime":110},"loss":9.805296897888184,"learning_rate":0.01}