{"_step":2909,"loss":0.0008000510279089212,"learning_rate":0.001,"average_loss":0.00039298691217481974,"_wandb":{"runtime":208},"_timestamp":1.7308299848728878e+09,"_runtime":208.5186565}