{"learning_rate":0.001,"_timestamp":1.7308324422134092e+09,"_runtime":4.6369582000000005,"_step":96,"average_loss":11.09583979845047,"_wandb":{"runtime":4},"loss":10.419927597045898}