{"average_loss":0.1752816606245175,"_wandb":{"runtime":525},"_runtime":525.0404809,"_step":80007,"loss":0.16746465861797333,"learning_rate":0.001,"_timestamp":1.7310760332260997e+09}