{"loss":0.11097794771194458,"learning_rate":0.001,"average_loss":0.2518606917384677,"_wandb":{"runtime":349},"_timestamp":1.7310179518335564e+09,"_runtime":349.5053156,"_step":80007}