{"_step":20001,"average_loss":0.23158657162353594,"_wandb":{"runtime":154},"loss":0.07206964492797852,"learning_rate":0.001,"_timestamp":1.7310174456101959e+09,"_runtime":154.3213544}